id,resource_type_tesim
8w32r637b,Undergraduate Thesis
k3569522r,Undergraduate Thesis
pg15bf77g,Undergraduate Thesis
d217qq377,Undergraduate Thesis
41687j127,Undergraduate Thesis
m326m249t,Undergraduate Thesis
wh246s93g,Undergraduate Thesis
h989r407r,Undergraduate Thesis
t148fn29j,Undergraduate Thesis
hd76s469m,Undergraduate Thesis
sx61dr56w,Undergraduate Thesis
4b29bb380,Undergraduate Thesis
8910k0016,Undergraduate Thesis
q524jp605,Undergraduate Thesis
3197xm925,Undergraduate Thesis
h989r406g,Undergraduate Thesis
cf95jh17x,Undergraduate Thesis
f4752n00d,Undergraduate Thesis
gt54ks19m,Undergraduate Thesis
gm80hw89x,Undergraduate Thesis
v692t693v,Undergraduate Thesis
x633f240p,Undergraduate Thesis
vt150k00t,Undergraduate Thesis
d504rm209,Undergraduate Thesis
nk322f14s,Undergraduate Thesis
1n79h507v,Undergraduate Thesis
kh04dq50s,Undergraduate Thesis
1c18dg530,Undergraduate Thesis
dv13zv115,Undergraduate Thesis
hm50ts625,Undergraduate Thesis
g158bj163,Undergraduate Thesis
9c67wn622,Undergraduate Thesis
z603r282g,Undergraduate Thesis
08612t31m,Undergraduate Thesis
1g05fc42q,Undergraduate Thesis
1g05fc41f,Undergraduate Thesis
js956g65h,Undergraduate Thesis
qj72pd16n,Undergraduate Thesis
nv935760g,Undergraduate Thesis
bz60cx23p,Undergraduate Thesis
f4752j02b,Undergraduate Thesis
1c18dg52q,Undergraduate Thesis
rx913v770,Undergraduate Thesis
6969z169n,Undergraduate Thesis
6w924h27d,Undergraduate Thesis
kk91fp384,Undergraduate Thesis
m039k800r,Undergraduate Thesis
fb494c19g,Undergraduate Thesis
8049g887v,Undergraduate Thesis
bn9999716,Undergraduate Thesis
nk322h46g,Undergraduate Thesis
z029p856c,Undergraduate Thesis
7s75df663,Undergraduate Thesis
xd07gw44k,Undergraduate Thesis
gq67jv89v,Undergraduate Thesis
7h149s33s,Undergraduate Thesis
f4752k80x,Undergraduate Thesis
vx021k558,Undergraduate Thesis
z890s0169,Undergraduate Thesis
jw827h47n,Undergraduate Thesis
9w032781h,Undergraduate Thesis
qr46r387r,Undergraduate Thesis
9306t292m,Undergraduate Thesis
7p88ck637,Undergraduate Thesis
pz50h0117,Undergraduate Thesis
6t053k48r,Undergraduate Thesis
ng451m84n,Undergraduate Thesis
w6634691q,Undergraduate Thesis
4q77fv027,Undergraduate Thesis
m900p0273,Undergraduate Thesis
p8418s78t,Undergraduate Thesis
4t64gs96z,Undergraduate Thesis
jw827h48x,Undergraduate Thesis
pz50h1547,Undergraduate Thesis
9z903458x,Undergraduate Thesis
tb09jb202,Undergraduate Thesis
2n49t445b,Undergraduate Thesis
sx61dq04x,Undergraduate Thesis
41687m014,Undergraduate Thesis
6682x7102,Undergraduate Thesis
b2773z66k,Undergraduate Thesis
j67316642,Undergraduate Thesis
8336h511r,Undergraduate Thesis
jm214s10t,Undergraduate Thesis
p5547v285,Undergraduate Thesis
9s1619880,Undergraduate Thesis
js956k939,Undergraduate Thesis
mk61rm508,Undergraduate Thesis
6t053k929,Undergraduate Thesis
r494vp80w,Undergraduate Thesis
k0698b33f,Undergraduate Thesis
zp38wg32d,Undergraduate Thesis
9g54xm541,Undergraduate Thesis
4t64gr02g,Undergraduate Thesis
6d56zz841,Undergraduate Thesis
gx41mn415,Undergraduate Thesis
9w032676f,Undergraduate Thesis
kh04dt33r,Undergraduate Thesis
q811kp423,Undergraduate Thesis
q811kn567,Undergraduate Thesis
rf55zb275,Undergraduate Thesis
5x21tj83k,Undergraduate Thesis
8910jz10s,Undergraduate Thesis
nc580p757,Undergraduate Thesis
j098zf03x,Undergraduate Thesis
4t64gr857,Undergraduate Thesis
mw22v927g,Undergraduate Thesis
gm80hz946,Undergraduate Thesis
q524js48h,Undergraduate Thesis
tm70mz893,Undergraduate Thesis
9k41zj55r,Undergraduate Thesis
mp48sh890,Undergraduate Thesis
4t64gq541,Undergraduate Thesis
sj139483j,Undergraduate Thesis
02870z826,Undergraduate Thesis
w3763942j,Undergraduate Thesis
q524jt554,Undergraduate Thesis
sb397b79g,Undergraduate Thesis
w3763999p,Undergraduate Thesis
br86b734h,Undergraduate Thesis
vh53x0420,Undergraduate Thesis
6395wb87f,Undergraduate Thesis
2n49t446m,Undergraduate Thesis
ww72bf11m,Undergraduate Thesis
jm214r67r,Undergraduate Thesis
fx719r27p,Undergraduate Thesis
z603r1144,Undergraduate Thesis
00000314z,Undergraduate Thesis
x346d675r,Undergraduate Thesis
xk81jp327,Undergraduate Thesis
8w32r910j,Undergraduate Thesis
8s45qc30k,Undergraduate Thesis
br86b598n,Undergraduate Thesis
gt54kr116,Undergraduate Thesis
q237hv51c,Undergraduate Thesis
4m90dz45h,Undergraduate Thesis
r781wj795,Undergraduate Thesis
02870z83g,Undergraduate Thesis
cn69m6902,Undergraduate Thesis
zc77ss50b,Undergraduate Thesis
3197xq002,Undergraduate Thesis
dn39x446c,Undergraduate Thesis
hx11xh86z,Undergraduate Thesis
z029p795v,Undergraduate Thesis
n583z049h,Undergraduate Thesis
cr56n343x,Undergraduate Thesis
z603r131s,Undergraduate Thesis
9w032610b,Undergraduate Thesis
fj236461r,Undergraduate Thesis
1v53k043d,Undergraduate Thesis
ft848s734,Undergraduate Thesis
n296x2556,Undergraduate Thesis
hq37vr52v,Undergraduate Thesis
44558g813,Undergraduate Thesis
5d86p2421,Undergraduate Thesis
n870zv55h,Undergraduate Thesis
mk61rm01b,Undergraduate Thesis
jd473068x,Undergraduate Thesis
ff3658310,Undergraduate Thesis
sx61dq37g,Undergraduate Thesis
sq87bx88g,Undergraduate Thesis
6395w972m,Undergraduate Thesis
hx11xj29j,Undergraduate Thesis
wm117q42f,Undergraduate Thesis
37720f15w,Undergraduate Thesis
wd376128x,Undergraduate Thesis
kh04ds02j,Undergraduate Thesis
9k41zk79j,Undergraduate Thesis
x346d887z,Undergraduate Thesis
8k71nn50q,Undergraduate Thesis
rx913v27s,Undergraduate Thesis
hh63t1369,Undergraduate Thesis
zs25xc809,Undergraduate Thesis
n296x375w,Undergraduate Thesis
gf06g510w,Undergraduate Thesis
sb397b344,Undergraduate Thesis
r207tt947,Undergraduate Thesis
b2774115p,Undergraduate Thesis
fx719s25b,Undergraduate Thesis
47429f53k,Undergraduate Thesis
7s75dh746,Undergraduate Thesis
p2677076z,Undergraduate Thesis
1r66j5586,Undergraduate Thesis
t435gj69r,Undergraduate Thesis
5x21tk85b,Undergraduate Thesis
bn999b925,Undergraduate Thesis
gh93h399q,Undergraduate Thesis
bz60d174z,Undergraduate Thesis
hm50tx11h,Undergraduate Thesis
r494vq64q,Undergraduate Thesis
0r9678357,Undergraduate Thesis
3x816s00q,Undergraduate Thesis
q237hx05p,Undergraduate Thesis
gh93h398f,Undergraduate Thesis
1j92gc68p,Undergraduate Thesis
6682x576r,Undergraduate Thesis
cj82k8960,Undergraduate Thesis
n870zs78d,Undergraduate Thesis
vd66w202k,Undergraduate Thesis
q237ht66s,Undergraduate Thesis
qz20st88x,Undergraduate Thesis
d791sh796,Undergraduate Thesis
j6731526f,Undergraduate Thesis
8g84mr36n,Undergraduate Thesis
pk02cf96j,Undergraduate Thesis
8336h653g,Undergraduate Thesis
t435gj71s,Undergraduate Thesis
mg74qr28q,Undergraduate Thesis
xp68km761,Undergraduate Thesis
f4752m99v,Undergraduate Thesis
g158bp09h,Undergraduate Thesis
v118rk09x,Undergraduate Thesis
5425kg404,Undergraduate Thesis
vd66w195c,Undergraduate Thesis
n009w418n,Undergraduate Thesis
pn89dc44g,Undergraduate Thesis
kd17cz28v,Undergraduate Thesis
wh246x73t,Undergraduate Thesis
pz50h142f,Undergraduate Thesis
p26770777,Undergraduate Thesis
x920g229j,Undergraduate Thesis
th83m371s,Undergraduate Thesis
m613n300f,Undergraduate Thesis
m900p017v,Undergraduate Thesis
bg257k47t,Undergraduate Thesis
pr76f514c,Undergraduate Thesis
ft848r967,Undergraduate Thesis
3r074w47j,Undergraduate Thesis
pv63g474g,Undergraduate Thesis
j6731809d,Undergraduate Thesis
0c483q11n,Undergraduate Thesis
zs25xd997,Undergraduate Thesis
q811kq17z,Undergraduate Thesis
gx41mp32d,Undergraduate Thesis
c534ft57x,Undergraduate Thesis
gt54ks20c,Undergraduate Thesis
6682x845c,Undergraduate Thesis
kp78gm814,Undergraduate Thesis
p8418s64g,Undergraduate Thesis
6969z256s,Undergraduate Thesis
xs55md42t,Undergraduate Thesis
xg94hr53j,Undergraduate Thesis
5h73px50k,Undergraduate Thesis
9593tw60z,Undergraduate Thesis
bn999814c,Undergraduate Thesis
zp38wd92f,Undergraduate Thesis
9880vs207,Undergraduate Thesis
2j62s618q,Undergraduate Thesis
fq977w73w,Undergraduate Thesis
0r9675090,Undergraduate Thesis
wh246v040,Undergraduate Thesis
k06988285,Undergraduate Thesis
hq37vp87j,Undergraduate Thesis
qb98mk95m,Undergraduate Thesis
ft848v58f,Undergraduate Thesis
8c97kv817,Undergraduate Thesis
6h440z34t,Undergraduate Thesis
5999n7957,Undergraduate Thesis
vt150p330,Undergraduate Thesis
rr171z81h,Undergraduate Thesis
9s161758v,Undergraduate Thesis
fn107403q,Undergraduate Thesis
xp68kn19m,Undergraduate Thesis
s1784r82d,Undergraduate Thesis
6h440z78w,Undergraduate Thesis
4f16c8065,Undergraduate Thesis
8s45qf76m,Undergraduate Thesis
cn69m8700,Undergraduate Thesis
2n49t326x,Undergraduate Thesis
1j92g9114,Undergraduate Thesis
th83m089m,Undergraduate Thesis
3197xp11c,Undergraduate Thesis
v979v742q,Undergraduate Thesis
gf06g466j,Undergraduate Thesis
7s75df221,Undergraduate Thesis
h702q8091,Undergraduate Thesis
s1784n18r,Undergraduate Thesis
qv33s2376,Undergraduate Thesis
kd17cv63t,Undergraduate Thesis
6d5702016,Undergraduate Thesis
9z903449z,Undergraduate Thesis
kd17cz27k,Undergraduate Thesis
kh04dv304,Undergraduate Thesis
k3569901t,Undergraduate Thesis
dn39x633q,Undergraduate Thesis
s1784r49c,Undergraduate Thesis
fb494b180,Undergraduate Thesis
bc386m06x,Undergraduate Thesis
c247dt65r,Undergraduate Thesis
zk51vj215,Undergraduate Thesis
8p58pk228,Undergraduate Thesis
sx61ds075,Undergraduate Thesis
4j03d4180,Undergraduate Thesis
3b591f10n,Undergraduate Thesis
xs55mh661,Undergraduate Thesis
6m311r04q,Undergraduate Thesis
mg74qn89t,Undergraduate Thesis
s7526d78g,Undergraduate Thesis
8p58pj78x,Undergraduate Thesis
5m60qw949,Undergraduate Thesis
dr26xz80b,Undergraduate Thesis
2v23vv91b,Undergraduate Thesis
kd17cv22k,Undergraduate Thesis
37720f122,Undergraduate Thesis
37720f13b,Undergraduate Thesis
8336h352k,Undergraduate Thesis
q237ht32z,Undergraduate Thesis
nc580n883,Undergraduate Thesis
7d278v35w,Undergraduate Thesis
6m311q60v,Undergraduate Thesis
gt54kp386,Undergraduate Thesis
0k225c518,Undergraduate Thesis
6w924d11w,Undergraduate Thesis
gq67js49g,Undergraduate Thesis
rn301273g,Undergraduate Thesis
1j92g872n,Undergraduate Thesis
vt150p10p,Undergraduate Thesis
cj82kc71r,Undergraduate Thesis
fn1073736,Undergraduate Thesis
6w924h638,Undergraduate Thesis
ff3659979,Undergraduate Thesis
sb397d68c,Undergraduate Thesis
vx021k69m,Undergraduate Thesis
0v838553d,Undergraduate Thesis
sf268971x,Undergraduate Thesis
bv73c511n,Undergraduate Thesis
zp38wj23v,Undergraduate Thesis
bc386p893,Undergraduate Thesis
qf85ng875,Undergraduate Thesis
0p096c47t,Undergraduate Thesis
3484zn596,Undergraduate Thesis
v692tc12p,Undergraduate Thesis
8c97kw02s,Undergraduate Thesis
6m311v04b,Undergraduate Thesis
5t34sq27d,Undergraduate Thesis
9880vw48j,Undergraduate Thesis
x633f5345,Undergraduate Thesis
xk81jr04g,Undergraduate Thesis
2v23w0414,Undergraduate Thesis
rv042z846,Undergraduate Thesis
fb494f23g,Undergraduate Thesis
2r36v375q,Undergraduate Thesis
9k41zk702,Undergraduate Thesis
2801pn09m,Undergraduate Thesis
b2774149h,Undergraduate Thesis
05741x67r,Undergraduate Thesis
3b591f372,Undergraduate Thesis
tm70n102t,Undergraduate Thesis
5x21tm15v,Undergraduate Thesis
rf55zd625,Undergraduate Thesis
s4655m99m,Undergraduate Thesis
p26771013,Undergraduate Thesis
zp38wj22k,Undergraduate Thesis
0k225g89t,Undergraduate Thesis
ft848v710,Undergraduate Thesis
ht24wq029,Undergraduate Thesis
xp68km97s,Undergraduate Thesis
vq27zt44b,Undergraduate Thesis
70795d57p,Undergraduate Thesis
ws859m08g,Undergraduate Thesis
1g05fh43t,Undergraduate Thesis
n870zw799,Undergraduate Thesis
5q47rt65k,Undergraduate Thesis
bc386p868,Undergraduate Thesis
8s45qf54k,Undergraduate Thesis
0k225g88j,Undergraduate Thesis
9593v098p,Undergraduate Thesis
vt150p51x,Undergraduate Thesis
zp38wj219,Undergraduate Thesis
x633f533w,Undergraduate Thesis
wp988q49g,Undergraduate Thesis
4j03d440h,Undergraduate Thesis
mk61rn51r,Undergraduate Thesis
c534ft84t,Undergraduate Thesis
hq37vt27x,Undergraduate Thesis
th83m396n,Undergraduate Thesis
c821gq329,Undergraduate Thesis
3b591f33z,Undergraduate Thesis
6m311v02s,Undergraduate Thesis
fq978045h,Undergraduate Thesis
zc77sv839,Undergraduate Thesis
r494vq92w,Undergraduate Thesis
xd07gz504,Undergraduate Thesis
6682x8621,Undergraduate Thesis
0v838554p,Undergraduate Thesis
5x21tm14k,Undergraduate Thesis
qr46r5408,Undergraduate Thesis
qb98mm26d,Undergraduate Thesis
3x816s26v,Undergraduate Thesis
7w62ff11c,Undergraduate Thesis
p2677100t,Undergraduate Thesis
5138jm14g,Undergraduate Thesis
z029p979w,Undergraduate Thesis
w0892g537,Undergraduate Thesis
fn1073825,Undergraduate Thesis
w3763c45s,Undergraduate Thesis
gq67jx171,Undergraduate Thesis
h128nk205,Undergraduate Thesis
9z9034706,Undergraduate Thesis
9p290g09h,Undergraduate Thesis
9593v099z,Undergraduate Thesis
5q47rt68d,Undergraduate Thesis
3x816s25k,Undergraduate Thesis
wh246z022,Undergraduate Thesis
fn107380m,Undergraduate Thesis
ft848v74t,Undergraduate Thesis
jh343z186,Undergraduate Thesis
mw22vb42s,Undergraduate Thesis
vd66w504r,Undergraduate Thesis
9306t392t,Undergraduate Thesis
s7526j18v,Undergraduate Thesis
2514nr20c,Undergraduate Thesis
bn999c25h,Undergraduate Thesis
9g54xp41c,Undergraduate Thesis
70795d56d,Undergraduate Thesis
9k41zk699,Undergraduate Thesis
r781wm49v,Undergraduate Thesis
70795d58z,Undergraduate Thesis
fq9780447,Undergraduate Thesis
bk128g79b,Undergraduate Thesis
8c97kw007,Undergraduate Thesis
6q182r15c,Undergraduate Thesis
9306t395n,Undergraduate Thesis
rf55zd650,Undergraduate Thesis
9w032797d,Undergraduate Thesis
qb98mm254,Undergraduate Thesis
6969z540h,Undergraduate Thesis
mp48sj78p,Undergraduate Thesis
tq57nw79k,Undergraduate Thesis
h702qb883,Undergraduate Thesis
zs25xf276,Undergraduate Thesis
5138jm136,Undergraduate Thesis
6969z541s,Undergraduate Thesis
pr76f807k,Undergraduate Thesis
8623j3469,Undergraduate Thesis
2801pn14g,Undergraduate Thesis
hh63t195g,Undergraduate Thesis
q524jt69g,Undergraduate Thesis
05741x64x,Undergraduate Thesis
5t34sq30q,Undergraduate Thesis
sq87c0084,Undergraduate Thesis
r781wm53f,Undergraduate Thesis
0p096c46j,Undergraduate Thesis
f1881r714,Undergraduate Thesis
xp68km99b,Undergraduate Thesis
z316q661p,Undergraduate Thesis
cf95jh517,Undergraduate Thesis
8k71nn98w,Undergraduate Thesis
qz20sz17s,Undergraduate Thesis
9z9034731,Undergraduate Thesis
zp38wj27z,Undergraduate Thesis
v405sg451,Undergraduate Thesis
7p88cn09v,Undergraduate Thesis
6969z539r,Undergraduate Thesis
05741x681,Undergraduate Thesis
7m01br64f,Undergraduate Thesis
br86b8414,Undergraduate Thesis
1z40kz534,Undergraduate Thesis
4x51hp55z,Undergraduate Thesis
fj236722p,Undergraduate Thesis
st74cw264,Undergraduate Thesis
c247dz04v,Undergraduate Thesis
sf268970n,Undergraduate Thesis
xp68km96h,Undergraduate Thesis
00000466x,Undergraduate Thesis
9g54xp43x,Undergraduate Thesis
x059cd14d,Undergraduate Thesis
37720j21n,Undergraduate Thesis
fj236721d,Undergraduate Thesis
np193g101,Undergraduate Thesis
r781wm50m,Undergraduate Thesis
st74cw24k,Undergraduate Thesis
bc386p914,Undergraduate Thesis
qv33s241s,Undergraduate Thesis
df65vd461,Undergraduate Thesis
vd66w5051,Undergraduate Thesis
wp988q54b,Undergraduate Thesis
c247dz06d,Undergraduate Thesis
1z40kz54d,Undergraduate Thesis
5138jm15r,Undergraduate Thesis
79408306x,Undergraduate Thesis
3x816s206,Undergraduate Thesis
2801pn08b,Undergraduate Thesis
t148fn53m,Undergraduate Thesis
s4655n01f,Undergraduate Thesis
9k41zk67r,Undergraduate Thesis
0k225g93d,Undergraduate Thesis
tb09jb38h,Undergraduate Thesis
w3763c38c,Undergraduate Thesis
rv042z79b,Undergraduate Thesis
5m60qx33s,Undergraduate Thesis
8s45qf58p,Undergraduate Thesis
kd17cz579,Undergraduate Thesis
m326m664r,Undergraduate Thesis
mc87pw46m,Undergraduate Thesis
r781wm550,Undergraduate Thesis
9k41zk71b,Undergraduate Thesis
zg64tr47p,Undergraduate Thesis
v405sg44r,Undergraduate Thesis
bk128g757,Undergraduate Thesis
fn107379v,Undergraduate Thesis
ft848v753,Undergraduate Thesis
d217qv550,Undergraduate Thesis
2n49t6703,Undergraduate Thesis
k930c292j,Undergraduate Thesis
zk51vn28q,Undergraduate Thesis
tm70n108g,Undergraduate Thesis
05741x656,Undergraduate Thesis
jw827h65k,Undergraduate Thesis
0r967855q,Undergraduate Thesis
qj72pd517,Undergraduate Thesis
1c18dm16p,Undergraduate Thesis
0g354k94f,Undergraduate Thesis
9z903472r,Undergraduate Thesis
qn59q828r,Undergraduate Thesis
n870zw83w,Undergraduate Thesis
q237hx301,Undergraduate Thesis
zg64tr46d,Undergraduate Thesis
9c67ws75z,Undergraduate Thesis
z890s031d,Undergraduate Thesis
73666953t,Undergraduate Thesis
gm80j1286,Undergraduate Thesis
tm70n110h,Undergraduate Thesis
8s45qf55v,Undergraduate Thesis
5m60qx36m,Undergraduate Thesis
q811kq390,Undergraduate Thesis
c247dz07p,Undergraduate Thesis
r781wm593,Undergraduate Thesis
gm80j134b,Undergraduate Thesis
9880vw51v,Undergraduate Thesis
h128nk25j,Undergraduate Thesis
h989r7950,Undergraduate Thesis
2j62s9792,Undergraduate Thesis
12579x87n,Undergraduate Thesis
xs55mh946,Undergraduate Thesis
vd66w5069,Undergraduate Thesis
2227mv115,Undergraduate Thesis
9593v100h,Undergraduate Thesis
qf85ng88f,Undergraduate Thesis
p5547x06j,Undergraduate Thesis
vt150p54r,Undergraduate Thesis
z603r317c,Undergraduate Thesis
sj139679c,Undergraduate Thesis
fn107375r,Undergraduate Thesis
qf85ng90g,Undergraduate Thesis
xw42nd37t,Undergraduate Thesis
p5547x015,Undergraduate Thesis
j3860c515,Undergraduate Thesis
3b591f31d,Undergraduate Thesis
m326m661x,Undergraduate Thesis
73666952j,Undergraduate Thesis
b2774145d,Undergraduate Thesis
np193g119,Undergraduate Thesis
tx31qp792,Undergraduate Thesis
2n49t669b,Undergraduate Thesis
kw52jf00m,Undergraduate Thesis
w6634847k,Undergraduate Thesis
8623j344r,Undergraduate Thesis
7d278z60v,Undergraduate Thesis
xg94hv560,Undergraduate Thesis
c247dz054,Undergraduate Thesis
1v53k269z,Undergraduate Thesis
xk81jr02x,Undergraduate Thesis
h989r794q,Undergraduate Thesis
rj4309244,Undergraduate Thesis
9880vw49t,Undergraduate Thesis
7h149v450,Undergraduate Thesis
2n49t673x,Undergraduate Thesis
vm40xx321,Undergraduate Thesis
x633f539j,Undergraduate Thesis
5h73q189k,Undergraduate Thesis
n870zw802,Undergraduate Thesis
5425kg64q,Undergraduate Thesis
9k41zk656,Undergraduate Thesis
ng451p45c,Undergraduate Thesis
w3763c42z,Undergraduate Thesis
x059cd134,Undergraduate Thesis
qj72pd50z,Undergraduate Thesis
g732df743,Undergraduate Thesis
6m311v032,Undergraduate Thesis
2r36v370b,Undergraduate Thesis
9880vw460,Undergraduate Thesis
6682x8639,Undergraduate Thesis
9593v1022,Undergraduate Thesis
4f16c786w,Undergraduate Thesis
fj236723z,Undergraduate Thesis
tm70n1076,Undergraduate Thesis
jq085r05w,Undergraduate Thesis
s1784r56s,Undergraduate Thesis
b8515t41m,Undergraduate Thesis
2801pn11n,Undergraduate Thesis
0k225g91v,Undergraduate Thesis
zg64tr454,Undergraduate Thesis
bc386p92d,Undergraduate Thesis
4t64gt08j,Undergraduate Thesis
wp988q507,Undergraduate Thesis
wp988q51h,Undergraduate Thesis
t148fn512,Undergraduate Thesis
bg257k77j,Undergraduate Thesis
5425kg668,Undergraduate Thesis
zw12z983k,Undergraduate Thesis
d791sm93n,Undergraduate Thesis
th83m395c,Undergraduate Thesis
sf268969w,Undergraduate Thesis
jm214t66w,Undergraduate Thesis
br86b8393,Undergraduate Thesis
dv13zz97c,Undergraduate Thesis
rn301617z,Undergraduate Thesis
st74cw239,Undergraduate Thesis
xp68kn02f,Undergraduate Thesis
pv63g493p,Undergraduate Thesis
2j62s978s,Undergraduate Thesis
hh63t1946,Undergraduate Thesis
rb68xh547,Undergraduate Thesis
zw12z9854,Undergraduate Thesis
3f462b379,Undergraduate Thesis
2801pn12x,Undergraduate Thesis
t722hf76d,Undergraduate Thesis
8623j3451,Undergraduate Thesis
dj52w9778,Undergraduate Thesis
zk51vn329,Undergraduate Thesis
1r66j5853,Undergraduate Thesis
9s161b754,Undergraduate Thesis
pz50h177j,Undergraduate Thesis
j6731837k,Undergraduate Thesis
79408305n,Undergraduate Thesis
g158bp36d,Undergraduate Thesis
hh63t1903,Undergraduate Thesis
vx021k68b,Undergraduate Thesis
12579x84t,Undergraduate Thesis
2801pn10c,Undergraduate Thesis
pz50h1750,Undergraduate Thesis
tt44ps140,Undergraduate Thesis
47429f85v,Undergraduate Thesis
5t34sq29z,Undergraduate Thesis
mp48sj79z,Undergraduate Thesis
n583z061s,Undergraduate Thesis
8s45qf59z,Undergraduate Thesis
x346d9476,Undergraduate Thesis
9306t396x,Undergraduate Thesis
5h73q186r,Undergraduate Thesis
js956m93h,Undergraduate Thesis
x346d949r,Undergraduate Thesis
3b591f35h,Undergraduate Thesis
3j333719m,Undergraduate Thesis
bk128g77s,Undergraduate Thesis
br86b840v,Undergraduate Thesis
j098zg46x,Undergraduate Thesis
8w32rb22j,Undergraduate Thesis
9z903471g,Undergraduate Thesis
m900p0426,Undergraduate Thesis
pz50h174q,Undergraduate Thesis
cc08hm38g,Undergraduate Thesis
4m90f1606,Undergraduate Thesis
dj52w9760,Undergraduate Thesis
3x816s22r,Undergraduate Thesis
td96k735w,Undergraduate Thesis
0p096c440,Undergraduate Thesis
jd473225j,Undergraduate Thesis
2f75rd66r,Undergraduate Thesis
x346d948g,Undergraduate Thesis
5h73q1871,Undergraduate Thesis
r781wm525,Undergraduate Thesis
8623j341x,Undergraduate Thesis
5999n821n,Undergraduate Thesis
wm117t89z,Undergraduate Thesis
2514nr15h,Undergraduate Thesis
b5644x21w,Undergraduate Thesis
7p88cn11w,Undergraduate Thesis
mk61rn49q,Undergraduate Thesis
b5644x225,Undergraduate Thesis
hq37vt29g,Undergraduate Thesis
nc580s26x,Undergraduate Thesis
q811kq37f,Undergraduate Thesis
8336h6836,Undergraduate Thesis
9019s759r,Undergraduate Thesis
hq37vt307,Undergraduate Thesis
hx11xm353,Undergraduate Thesis
t722hf78z,Undergraduate Thesis
v405sg494,Undergraduate Thesis
wd376186t,Undergraduate Thesis
mg74qr532,Undergraduate Thesis
bk128g782,Undergraduate Thesis
5x21tm164,Undergraduate Thesis
bk128g76h,Undergraduate Thesis
xs55mh92n,Undergraduate Thesis
9g54xp42n,Undergraduate Thesis
ff365b01p,Undergraduate Thesis
8p58pk139,Undergraduate Thesis
6969z538g,Undergraduate Thesis
mc87pw42h,Undergraduate Thesis
3f462b34g,Undergraduate Thesis
ff3659961,Undergraduate Thesis
wh246x97d,Undergraduate Thesis
mp48sj75v,Undergraduate Thesis
gq67jx12n,Undergraduate Thesis
pc289p84g,Undergraduate Thesis
jm214t675,Undergraduate Thesis
sj139676j,Undergraduate Thesis
9p290g087,Undergraduate Thesis
p8418s95g,Undergraduate Thesis
m039k9395,Undergraduate Thesis
n583z0622,Undergraduate Thesis
tm70n106x,Undergraduate Thesis
vh53x157t,Undergraduate Thesis
v118rk305,Undergraduate Thesis
t148fn54w,Undergraduate Thesis
h702qb89c,Undergraduate Thesis
f7623j158,Undergraduate Thesis
6969z536x,Undergraduate Thesis
9880vw50k,Undergraduate Thesis
bk128g803,Undergraduate Thesis
n009w672v,Undergraduate Thesis
v118rk26k,Undergraduate Thesis
qz20sz12d,Undergraduate Thesis
9019s754c,Undergraduate Thesis
q524jt72s,Undergraduate Thesis
g445ck229,Undergraduate Thesis
qn59q827g,Undergraduate Thesis
h128nk22q,Undergraduate Thesis
pz50h1768,Undergraduate Thesis
db78th889,Undergraduate Thesis
7w62ff12n,Undergraduate Thesis
0r9678560,Undergraduate Thesis
2z10wv90x,Undergraduate Thesis
h128nk230,Undergraduate Thesis
m900p044r,Undergraduate Thesis
47429f864,Undergraduate Thesis
p2677102c,Undergraduate Thesis
8c97kw04b,Undergraduate Thesis
sq87c011f,Undergraduate Thesis
bn999c247,Undergraduate Thesis
d504rr16j,Undergraduate Thesis
0c483q382,Undergraduate Thesis
9593v104m,Undergraduate Thesis
qz20sz16h,Undergraduate Thesis
jw827h62r,Undergraduate Thesis
d791sm96g,Undergraduate Thesis
vd66w5026,Undergraduate Thesis
gt54ks59k,Undergraduate Thesis
6d570222z,Undergraduate Thesis
qr46r541j,Undergraduate Thesis
zs25xf28g,Undergraduate Thesis
t435gj96n,Undergraduate Thesis
w3763c41p,Undergraduate Thesis
kw52jf025,Undergraduate Thesis
mp48sj74k,Undergraduate Thesis
ns064b78q,Undergraduate Thesis
pz50h173f,Undergraduate Thesis
6682x865v,Undergraduate Thesis
6m311v05m,Undergraduate Thesis
r207tv23g,Undergraduate Thesis
kh04dv525,Undergraduate Thesis
s7526j194,Undergraduate Thesis
0g354k92w,Undergraduate Thesis
6h440z638,Undergraduate Thesis
ms35tf20h,Undergraduate Thesis
cn69m895v,Undergraduate Thesis
ws859m122,Undergraduate Thesis
m326m6651,Undergraduate Thesis
hd76s490v,Undergraduate Thesis
2r36v3778,Undergraduate Thesis
3x816s274,Undergraduate Thesis
sf268974r,Undergraduate Thesis
5d86p4793,Undergraduate Thesis
wh246z05w,Undergraduate Thesis
s1784r59m,Undergraduate Thesis
pn89dc71c,Undergraduate Thesis
dn39x639c,Undergraduate Thesis
gf06g7690,Undergraduate Thesis
1r66j587n,Undergraduate Thesis
1544bv01h,Undergraduate Thesis
794083076,Undergraduate Thesis
j098zg48g,Undergraduate Thesis
t435gj986,Undergraduate Thesis
zw12z995c,Undergraduate Thesis
2z10wv93r,Undergraduate Thesis
0g354k889,Undergraduate Thesis
jw827h606,Undergraduate Thesis
6969z535n,Undergraduate Thesis
s7526j169,Undergraduate Thesis
8s45qf539,Undergraduate Thesis
0c483q36h,Undergraduate Thesis
2r36v371m,Undergraduate Thesis
jm214t64b,Undergraduate Thesis
3f462b361,Undergraduate Thesis
qz20sz157,Undergraduate Thesis
fn1073761,Undergraduate Thesis
9593v101s,Undergraduate Thesis
hd76s488t,Undergraduate Thesis
tm70n104c,Undergraduate Thesis
q524jt67x,Undergraduate Thesis
ms35tf21s,Undergraduate Thesis
2r36v3735,Undergraduate Thesis
rv042z81c,Undergraduate Thesis
zw12z984v,Undergraduate Thesis
f4752n17k,Undergraduate Thesis
8623j3426,Undergraduate Thesis
6395wd18f,Undergraduate Thesis
rv042z803,Undergraduate Thesis
nk322k02t,Undergraduate Thesis
ws859m09r,Undergraduate Thesis
7m01br55g,Undergraduate Thesis
s7526j17k,Undergraduate Thesis
pc289p89v,Undergraduate Thesis
gm80j132s,Undergraduate Thesis
db78th89k,Undergraduate Thesis
sn00b344h,Undergraduate Thesis
hx11xm310,Undergraduate Thesis
ws859m11s,Undergraduate Thesis
7h149v468,Undergraduate Thesis
wh246z00h,Undergraduate Thesis
kw52jf01w,Undergraduate Thesis
pz50h171w,Undergraduate Thesis
76537578q,Undergraduate Thesis
z316q6573,Undergraduate Thesis
gf06g763b,Undergraduate Thesis
bv73c509m,Undergraduate Thesis
h989r790m,Undergraduate Thesis
vd66w500n,Undergraduate Thesis
sj139677t,Undergraduate Thesis
4f16c785m,Undergraduate Thesis
pc289p82x,Undergraduate Thesis
w66348469,Undergraduate Thesis
j3860c52f,Undergraduate Thesis
h702qb87t,Undergraduate Thesis
mw22vb41h,Undergraduate Thesis
6969z5376,Undergraduate Thesis
h128nk17v,Undergraduate Thesis
7s75dh967,Undergraduate Thesis
jh343z17x,Undergraduate Thesis
f1881r668,Undergraduate Thesis
9880vw45q,Undergraduate Thesis
bv73c508b,Undergraduate Thesis
rf55zd668,Undergraduate Thesis
4t64gt09t,Undergraduate Thesis
z603r311q,Undergraduate Thesis
v118rk27v,Undergraduate Thesis
cv43p2429,Undergraduate Thesis
cr56n587d,Undergraduate Thesis
00000469r,Undergraduate Thesis
gh93h427p,Undergraduate Thesis
6q182r186,Undergraduate Thesis
6h440z620,Undergraduate Thesis
9019s761s,Undergraduate Thesis
n009w675p,Undergraduate Thesis
5138jm179,Undergraduate Thesis
9p290g12t,Undergraduate Thesis
sf268968m,Undergraduate Thesis
7m01br589,Undergraduate Thesis
b8515t435,Undergraduate Thesis
js956m94s,Undergraduate Thesis
fx719s527,Undergraduate Thesis
sx61dr80z,Undergraduate Thesis
js956m89x,Undergraduate Thesis
kw52jd992,Undergraduate Thesis
ns064b790,Undergraduate Thesis
g158bp397,Undergraduate Thesis
02871172j,Undergraduate Thesis
q237hx319,Undergraduate Thesis
41687p10h,Undergraduate Thesis
1544bt974,Undergraduate Thesis
th83m399g,Undergraduate Thesis
xk81jr05r,Undergraduate Thesis
1r66j588x,Undergraduate Thesis
44558k22j,Undergraduate Thesis
gm80j1307,Undergraduate Thesis
1544bt99p,Undergraduate Thesis
x920g2555,Undergraduate Thesis
th83m397x,Undergraduate Thesis
kp78gn09m,Undergraduate Thesis
5138jm10c,Undergraduate Thesis
gf06g764m,Undergraduate Thesis
02871173t,Undergraduate Thesis
z890s027t,Undergraduate Thesis
1g05fh486,Undergraduate Thesis
q524jt686,Undergraduate Thesis
jq085r07f,Undergraduate Thesis
6w924h485,Undergraduate Thesis
5m60qx35b,Undergraduate Thesis
mk61rn539,Undergraduate Thesis
mw22vb45m,Undergraduate Thesis
8049gb02z,Undergraduate Thesis
g445ck211,Undergraduate Thesis
rx913v85p,Undergraduate Thesis
vh53x161d,Undergraduate Thesis
7m01br56r,Undergraduate Thesis
td96k734m,Undergraduate Thesis
zp38wj26p,Undergraduate Thesis
9019s760h,Undergraduate Thesis
gb19fb70h,Undergraduate Thesis
9g54xp403,Undergraduate Thesis
4m90f161g,Undergraduate Thesis
7m01br62w,Undergraduate Thesis
db78th85g,Undergraduate Thesis
xp68km982,Undergraduate Thesis
7d278z614,Undergraduate Thesis
hm50tx353,Undergraduate Thesis
8336h682x,Undergraduate Thesis
ht24wq03k,Undergraduate Thesis
8c97kw01h,Undergraduate Thesis
2514nr16s,Undergraduate Thesis
tt44ps16j,Undergraduate Thesis
xw42nd36j,Undergraduate Thesis
pz50h169v,Undergraduate Thesis
n296x393t,Undergraduate Thesis
rf55zd64q,Undergraduate Thesis
db78th846,Undergraduate Thesis
3t945w748,Undergraduate Thesis
3r075081n,Undergraduate Thesis
v118rk31f,Undergraduate Thesis
3b591f39m,Undergraduate Thesis
c534ft86c,Undergraduate Thesis
z029p9826,Undergraduate Thesis
3t945w71f,Undergraduate Thesis
dn39x637t,Undergraduate Thesis
37720j22x,Undergraduate Thesis
5712mc05s,Undergraduate Thesis
rj430923v,Undergraduate Thesis
fb494f226,Undergraduate Thesis
2514nr172,Undergraduate Thesis
b8515t40b,Undergraduate Thesis
2514nr18b,Undergraduate Thesis
d791sm94x,Undergraduate Thesis
w95055016,Undergraduate Thesis
pg15bk97s,Undergraduate Thesis
2z10wv895,Undergraduate Thesis
wp988q486,Undergraduate Thesis
6395wd175,Undergraduate Thesis
jh343z16n,Undergraduate Thesis
tb09jb423,Undergraduate Thesis
v979v7473,Undergraduate Thesis
xk81jr01n,Undergraduate Thesis
z029p978m,Undergraduate Thesis
8w32rb218,Undergraduate Thesis
mc87pw417,Undergraduate Thesis
n296x392j,Undergraduate Thesis
8p58pk121,Undergraduate Thesis
hm50tx33j,Undergraduate Thesis
3197xr86v,Undergraduate Thesis
5425kg72d,Undergraduate Thesis
zs25xf322,Undergraduate Thesis
st74cw29z,Undergraduate Thesis
47429f87d,Undergraduate Thesis
2r36v3760,Undergraduate Thesis
9880vw478,Undergraduate Thesis
c534ft90z,Undergraduate Thesis
xg94hv59t,Undergraduate Thesis
sf268973g,Undergraduate Thesis
g445ck17f,Undergraduate Thesis
bc386p88t,Undergraduate Thesis
1544bt98d,Undergraduate Thesis
rx913v834,Undergraduate Thesis
47429f821,Undergraduate Thesis
0g354k89k,Undergraduate Thesis
ng451p43t,Undergraduate Thesis
bz60d211w,Undergraduate Thesis
v692tc09c,Undergraduate Thesis
d791sm956,Undergraduate Thesis
g158bp37p,Undergraduate Thesis
kw52jf03f,Undergraduate Thesis
q524jt71h,Undergraduate Thesis
qj72pd52h,Undergraduate Thesis
00000468g,Undergraduate Thesis
jw827h631,Undergraduate Thesis
d504rr158,Undergraduate Thesis
5999n822x,Undergraduate Thesis
tt44ps17t,Undergraduate Thesis
vm40xx31r,Undergraduate Thesis
g445ck20r,Undergraduate Thesis
tx31qp813,Undergraduate Thesis
vq27zt432,Undergraduate Thesis
cf95jh53s,Undergraduate Thesis
3b591f32p,Undergraduate Thesis
4t64gt078,Undergraduate Thesis
cn69m894k,Undergraduate Thesis
9593v103b,Undergraduate Thesis
9g54xp446,Undergraduate Thesis
8s45qf564,Undergraduate Thesis
6108vg94v,Undergraduate Thesis
08612t63w,Undergraduate Thesis
c821gq33k,Undergraduate Thesis
tm70n105n,Undergraduate Thesis
kw52jf04q,Undergraduate Thesis
0g354k935,Undergraduate Thesis
ks65hj53d,Undergraduate Thesis
w95055041,Undergraduate Thesis
9306t3933,Undergraduate Thesis
z890s0304,Undergraduate Thesis
k0698d27q,Undergraduate Thesis
3t945w69d,Undergraduate Thesis
3r075082x,Undergraduate Thesis
bc386p96h,Undergraduate Thesis
p8418s971,Undergraduate Thesis
7m01br65q,Undergraduate Thesis
8623j347k,Undergraduate Thesis
pv63g497s,Undergraduate Thesis
s7526j20w,Undergraduate Thesis
r207tv24r,Undergraduate Thesis
v692tc13z,Undergraduate Thesis
t435gk001,Undergraduate Thesis
5q47rt69p,Undergraduate Thesis
ht24wq07p,Undergraduate Thesis
x920g256f,Undergraduate Thesis
zs25xf26x,Undergraduate Thesis
pg15bm00w,Undergraduate Thesis
1z40kz56z,Undergraduate Thesis
cf95jh55b,Undergraduate Thesis
bk128g81c,Undergraduate Thesis
mc87pw45b,Undergraduate Thesis
cv43p2454,Undergraduate Thesis
z890s029c,Undergraduate Thesis
w0892g562,Undergraduate Thesis
t148fn56f,Undergraduate Thesis
0v8385567,Undergraduate Thesis
7m01br678,Undergraduate Thesis
zc77sv88p,Undergraduate Thesis
7d278z62d,Undergraduate Thesis
4b29bb59r,Undergraduate Thesis
2514nr21n,Undergraduate Thesis
8s45qf63j,Undergraduate Thesis
df65vd44g,Undergraduate Thesis
gm80hx06c,Undergraduate Thesis
f1881n65c,Undergraduate Thesis
dj52w478h,Undergraduate Thesis
8w32r703q,Undergraduate Thesis
9z9031457,Undergraduate Thesis
tx31qk55v,Undergraduate Thesis
5m60qt734,Undergraduate Thesis
6d56zz239,Undergraduate Thesis
1n79h6268,Undergraduate Thesis
8c97kv974,Undergraduate Thesis
qn59q803w,Honors College Thesis
sf268942g,Honors College Thesis
5m60qx10g,Honors College Thesis
0v838132t,Honors College Thesis
4b29b6830,Honors College Thesis
th83m006v,Honors College Thesis
kh04dq512,Honors College Thesis
s1784m445,Honors College Thesis
2227mq455,Honors College Thesis
5x21tg17k,Honors College Thesis
2801pm87s,Honors College Thesis
5h73q181c,Honors College Thesis
tq57ns88x,Honors College Thesis
zc77sr53z,Honors College Thesis
w0892g48c,Honors College Thesis
p8418s415,Masters Thesis
rn301574c,Masters Thesis
v118rj805,Masters Thesis
xs55mh37k,Masters Thesis
kk91fq75g,Masters Thesis
0r967814g,Masters Thesis
m326m615t,Masters Thesis
cf95jg88p,Masters Thesis
z890rz77n,Masters Thesis
kd17cx95h,Masters Thesis
f4752m758,Masters Thesis
rj430872k,Masters Thesis
w3763b99w,Masters Thesis
z316q605b,Masters Thesis
s1784q983,Masters Thesis
dv13zz48f,Masters Thesis
v979v702r,Masters Thesis
kk91fq66h,Masters Thesis
mg74qr06p,Masters Thesis
rn3015733,Masters Thesis
ms35td74m,Masters Thesis
1831cq033,Masters Thesis
t148fn04p,Masters Thesis
nc580r75n,Masters Thesis
m326m6163,Masters Thesis
3n204377j,Masters Thesis
jm214t144,Masters Thesis
6969z4808,Masters Thesis
q524jt88p,Masters Thesis